"site","Brand","Conservation","Logging","Hurricane","Fire","Location","Landscape","Lat","Long","Season"
"403A","Bushnell","Yes","No","Yes","Yes","Valley","Broadleaf forest, broken canopy",17.4133595138,-88.967180888,"Dry"
"410B","Moultry","No","No","Yes","No","Stock Transect","Broadleaf forest, broken canopy",17.4841786056,-89.0501074892,"Dry"
"405B","Moultry","No","No","Yes","No","Logging Road","Broadleaf forest, broken canopy",17.4657465609,-89.0390722646,"Dry"
"405C","Moultry","No","No","Yes","No","Logging Road","Broadleaf forest, broken canopy",17.4816862271,-89.0397030029,"Rainy"
"409C","Moultry","No","No","Yes","no","Logging Road","Broadleaf forest, broken canopy",17.4677022173,-89.0009195294,"Rainy"
"404C","Scoutguard","Yes","No","Yes","Yes","Seismic line","Broadleaf forest, broken canopy",17.4304252087,-88.8395865715,"Rainy"
"406C","Bushnell","No","No","Yes","No","Stock Transect","Broadleaf forest, broken canopy",17.4852662334,-89.0401820103,"Rainy"
"403C","Bushnell","Yes","No","Yes","Yes","Valley","Broadleaf forest, broken canopy",17.4165711362,-88.9677341079,"Rainy"
"412C","Scoutguard","No","No","Yes","No","Stock Transect","Broadleaf forest, broken canopy",17.485340231,-89.0463810851,"Rainy"
"413C2","Bushnell","Yes","No","Yes","Yes","Logging Road","Broadleaf forest, broken canopy",17.4228570016,-88.8560519999,"Rainy"
"401C2","Moultry","Yes","No","Yes","Yes","Seismic line","Secondary Forest",17.4357220016,-88.82854,"Rainy"
"407C2","Bushnell","No","No","Yes","No","Narrow survey trail","Broadleaf forest, broken canopy",17.4909660016,-89.039448,"Rainy"
"402C2","Bushnell","Yes","No","Yes","Yes","Logging Road","Broadleaf forest, broken canopy",17.4239530017,-88.8463879999,"Rainy"
"408C2","Scoutguard","No","No","Yes","No","Logging Road","Broadleaf forest, broken canopy",17.4470980016,-88.960261,"Rainy"
"404D","Scoutguard","Yes","No","Yes","Yes","Excavated Maya site","Secondary Forest",17.4263510016,-88.8382529999,"Rainy"
"402D","Bushnell","Yes","No","Yes","Yes","Logging Road","Broadleaf forest, broken canopy",17.4239530017,-88.8463879999,"Rainy"
"413D","Bushnell","Yes","No","Yes","Yes","Logging Road","Broadleaf forest, broken canopy",17.4228570016,-88.8560519999,"Rainy"
"405D","Moultry","No","No","Yes","No","Logging Road","Broadleaf forest, broken canopy",17.4891490016,-89.038284,"Rainy"
"401D","Moultry","Yes","No","Yes","Yes","Seismic line","Secondary Forest",17.4357220016,-88.82854,"Rainy"
"407D","Bushnell","No","No","Yes","No","Narrow survey trail","Broadleaf forest, broken canopy",17.4909660016,-89.039448,"Rainy"
"403D","Bushnell","Yes","No","Yes","Yes","Valley","Broadleaf forest, broken canopy",17.4146940016,-88.9678,"Rainy"
"407E","Bushnell","No","No","Yes","No","Narrow survey trail","Broadleaf forest, broken canopy",17.4950200016,-89.029038,"Dry"
"402E","Bushnell","No","No","Yes","No","Logging Road","Broadleaf forest, broken canopy",17.4274090016,-88.8475319999,"Dry"
"404E","Scoutguard","Yes","No","Yes","Yes","Open spot in forest","Secondary Forest",17.4298160016,-88.8391449999,"Dry"
"407F","Bushnell","No","No","Yes","No","Logging Road","Broadleaf forest, broken canopy",17.5015980015,-88.9950249999,"Dry"
"411F","Scoutguard","No","No","Yes","No","Near seasonal stream spot","Broadleaf forest, broken canopy",17.4389720016,-88.9612199999,"Dry"
"404F","Scoutguard","Yes","No","Yes","Yes","Seismic line","Secondary Forest",17.4298160016,-88.8391449999,"Dry"
"402F","Bushnell","Yes","No","Yes","Yes","Seismic line","Secondary Forest",17.4274560016,-88.8475099999,"Dry"
"403F","Bushnell","No","No","Yes","No","Logging Road","Broadleaf forest, broken canopy",17.4440910016,-88.9613189999,"Dry"
"412D","Scoutguard","No","No","Yes","No","Logging Road","Broadleaf forest, broken canopy",17.4764280016,-89.040235,"Rainy"
"406A","Bushnell","No","No","Yes","No","Stock Transect","Broadleaf forest, broken canopy",17.476532237,-89.0401895347,"Dry"
"409A","Moultry","No","No","Yes","No","Stock Transect","Broadleaf forest, broken canopy",17.4835112031,-89.0401375318,"Dry"
"401A","Moultry","Yes","No","Yes","Yes","Seismic line","Secondary Forest",17.4257174219,-88.8875612379,"Dry"
"405A","Moultry","No","No","Yes","No","Stock Transect","Broadleaf forest, broken canopy",17.4723052571,-89.0394385399,"Dry"
"408B","Scoutguard","No","No","Yes","No","Stock Transect","Broadleaf forest, broken canopy",17.4935651171,-89.0341901613,"Dry"
"411B","Scoutguard","No","No","Yes","No","Logging Road","Broadleaf forest, broken canopy",17.4607118221,-89.0381672465,"Dry"
"412B","Scoutguard","No","No","Yes","No","Logging Road","Broadleaf forest, broken canopy",17.4629097081,-89.0393582708,"Dry"
"408C","Scoutguard","No","No","Yes","No","Logging Road","Broadleaf forest, broken canopy",17.4783162207,-89.040248008,"Rainy"
"411C","Scoutguard","No","No","Yes","No","Logging Road","Broadleaf forest, broken canopy",17.4764242174,-89.0397630013,"Rainy"
"410C","Moultry","No","No","Yes","no","Logging Road","Broadleaf forest, broken canopy",17.4870732493,-89.0095806422,"Rainy"
"407C","Bushnell","No","No","Yes","no","Logging Road","Broadleaf forest, broken canopy",17.4668442166,-88.9986865021,"Rainy"
"405C2","Moultry","No","No","Yes","No","Logging Road","Broadleaf forest, broken canopy",17.4891490016,-89.038284,"Rainy"
"406C2","Bushnell","No","No","Yes","No","Logging Road","Broadleaf forest, broken canopy",17.4498590016,-88.9573259999,"Rainy"
"410C2","Moultry","No","No","Yes","No","Logging Road","Broadleaf forest, broken canopy",17.4398830016,-88.9640109999,"Rainy"
"410D","Moultry","No","No","Yes","No","Logging Road","Broadleaf forest, broken canopy",17.4398830016,-88.9640109999,"Rainy"
"409D","Moultry","No","No","Yes","No","Narrow survey trail","Broadleaf forest, broken canopy",17.4921070016,-89.041685,"Rainy"
"403E","Bushnell","Yes","No","Yes","Yes","Seismic line","Secondary Forest",17.4954690016,-89.003162,"Dry"
"409E","Moultry","No","No","Yes","No","Narrow survey trail","Broadleaf forest, broken canopy",17.4922560016,-89.035663,"Dry"
"405E","Moultry","No","No","Yes","No","Logging Road","Broadleaf forest, broken canopy",17.4835130016,-89.038526,"Dry"
"405F","Moultry","No","No","Yes","No","Logging Road","Broadleaf forest, broken canopy",17.4990550016,-89.021035,"Dry"
"413F","Scoutguard","Yes","No","Yes","Yes","Seismic line","Secondary Forest",17.4368730016,-88.8292139999,"Dry"
"404B","Scoutguard","Yes","No","Yes","Yes","Logging Road","Secondary Forest",17.4353551153,-88.8282329389,"Dry"
"409C2","Moultry","No","No","Yes","No","Narrow survey trail","Broadleaf forest, broken canopy",17.4921070016,-89.041685,"Rainy"
"410A","Moultry","No","No","Yes","No","Stock Transect","Broadleaf forest, broken canopy",17.4835072063,-89.047937497,"Dry"
"406B","Bushnell","No","No","Yes","No","Logging Road","Broadleaf forest, broken canopy",17.4850755579,-89.0383042467,"Dry"
"403B","Bushnell","Yes","No","Yes","Yes","Valley","Broadleaf forest, broken canopy",17.4143072239,-88.9653467565,"Dry"
"413C","Bushnell","Yes","No","Yes","Yes","Logging Road","Secondary Forest",17.4274301975,-88.8560577686,"Rainy"
"407A","Bushnell","No","No","Yes","No","Stock Transect","Broadleaf forest, broken canopy",17.4836072046,-89.0450965097,"Dry"
"403C2","Bushnell","Yes","No","Yes","Yes","Valley","Broadleaf forest, broken canopy",17.4146940016,-88.9678,"Rainy"
"413E","Scoutguard","Yes","No","Yes","Yes","Seismic line","Secondary Forest",17.4368750016,-88.8292119999,"Dry"
"409F","Moultry","No","No","Yes","No","Logging Road","Broadleaf forest, broken canopy",17.5065910016,-88.974401,"Dry"
"404C2","Scoutguard","Yes","No","Yes","Yes","Excavated Maya site","Secondary Forest",17.4263510016,-88.8382529999,"Rainy"
"408D","Scoutguard","No","No","Yes","No","Logging Road","Broadleaf forest, broken canopy",17.4470980016,-88.960261,"Rainy"
"406D","Bushnell","No","No","Yes","No","Logging Road","Broadleaf forest, broken canopy",17.4498590016,-88.9573259999,"Rainy"
"406E","Bushnell","No","No","Yes","No","Logging Road","Broadleaf forest, broken canopy",17.4959560016,-89.006717,"Dry"
"412E","Scoutguard","No","No","Yes","No","Logging Road","Broadleaf forest, broken canopy",17.4745900016,-89.03983,"Dry"
"407B","Bushnell","No","No","Yes","No","Stock Transect","Broadleaf forest, broken canopy",17.4843205982,-89.0496124791,"Dry"
"409B","Moultry","No","No","Yes","No","Stock Transect","Broadleaf forest, broken canopy",17.4843905939,-89.0427083372,"Dry"
"408E","Scoutguard","No","No","Yes","No","Near swampy spot","Low Scrub forest",17.4610490016,-88.99737,"Dry"
"401C","Moultry","Yes","No","Yes","Yes","Logging Road","Secondary Forest",17.4320982168,-88.8250943977,"Rainy"
"506G","Bushnell","No","Yes","No","No","Along wide logging road","Mature forest",17.6848716281,-88.955950079,"Dry"
"510H","Moultrycam","No","Yes","Yes","No","Along wide logging road","Disturbed High forest",17.4972022527,-89.04634609,"Dry"
"507H","Bushnell","No","Yes","Yes","No","Along wide logging road","Disturbed High forest",17.4924992471,-89.0390950005,"Dry"
"509H","Bushnell","No","Yes","Yes","No","Along wide logging road","Disturbed High forest",17.4960292545,-89.0368069745,"Dry"
"504C","Scoutguard","No","Yes","No","No","Along narrow seismic line","Mature forest",17.6679510015,-88.953363,"Dry"
"509C","Bushnell","No","Yes","Yes","No","Along narrow logging trail","Disturbed High forest",17.4940120016,-89.070833,"Dry"
"501C","Bushnell","No","Yes","No","No","Along narrow seismic line","Mature forest",17.6713000015,-88.956623,"Dry"
"507C","Bushnell","No","Yes","Yes","No","Along wide logging road","Disturbed High forest",17.4962940016,-89.037508,"Dry"
"504D","Scoutguard","No","Yes","No","No","Along wide logging road","Mature forest",17.6840636232,-88.9648431865,"Rainy"
"503D","Bushnell","No","Yes","No","No","Along wide logging road","Mature forest",17.7034806613,-88.9559180865,"Rainy"
"501D","Bushnell","No","Yes","No","No","Along wide logging road","Mature forest",17.7011206572,-88.9556220819,"Rainy"
"502D","Moultrycam","No","Yes","No","No","Along wide logging road","Mature forest",17.6795026155,-88.963884173,"Rainy"
"505D","Moultrycam","No","Yes","No","No","Along narrow logging trail","Mature forest",17.6888846273,-88.9761933263,"Rainy"
"507E","Bushnell","No","Yes","Yes","No","Along wide logging road","Disturbed High forest",17.4924852471,-89.0391080006,"Rainy"
"510E","Moultrycam","No","Yes","Yes","No","Along wide logging road","Disturbed High forest",17.4899402353,-89.0561392048,"Rainy"
"504E","Scoutguard","No","Yes","No","No","Along wide logging road","Mature forest",17.6826706169,-88.9744703027,"Rainy"
"506E","Bushnell","No","Yes","No","No","Along wide logging road","Mature forest",17.6821686232,-88.9563290824,"Rainy"
"502E","Moultrycam","No","Yes","No","No","Along wide logging road","Mature forest",17.6811476153,-88.9718102698,"Rainy"
"512F","Scoutguard","No","Yes","Yes","No","Along wide logging road","Disturbed High forest",17.4964032473,-89.0557592032,"Rainy"
"504F","Scoutguard","No","Yes","No","No","Along wide logging road","Mature forest",17.6861566184,-88.986316448,"Rainy"
"505F","Moultrycam","No","Yes","No","No","Along narrow logging trail","Mature forest",17.6856526213,-88.9769213338,"Rainy"
"501F","Bushnell","No","Yes","No","No","Along wide logging road","Mature forest",17.702129658,-88.9582151138,"Rainy"
"505G","Moultrycam","No","Yes","No","No","Along narrow logging trail","Mature forest",17.6842826215,-88.9702012516,"Dry"
"503G","Bushnell","No","Yes","No","No","At Pond","Mature forest",17.6953996423,-88.9676612256,"Dry"
"503E","Bushnell","No","Yes","No","No","At Pond","Mature forest",17.695169642,-88.9674872234,"Rainy"
"512E","Scoutguard","No","Yes","Yes","No","Along wide logging road","Disturbed High forest",17.4986072531,-89.0514491522,"Rainy"
"510D","Moultrycam","No","Yes","Yes","No","Along wide logging road","Disturbed High forest",17.4978542538,-89.0465070923,"Rainy"
"507G","Bushnell","No","Yes","Yes","No","Along wide logging road","Disturbed High forest",17.4965382525,-89.0438350594,"Dry"
"502G","Moultrycam","No","Yes","No","No","Along narrow logging trail","Mature forest",17.6894696251,-88.9844944273,"Dry"
"507F","Bushnell","No","Yes","Yes","No","Along wide logging road","Disturbed High forest",17.4944252492,-89.0425460429,"Rainy"
"511H","Moultrycam","No","Yes","Yes","No","Along wide logging road","Disturbed High forest",17.496544249,-89.0522831613,"Dry"
"512C","Scoutguard","No","Yes","Yes","No","Along narrow logging trail","Disturbed High forest",17.4950030016,-89.055536,"Dry"
"508C","Scoutguard","No","Yes","Yes","No","Along narrow logging trail","Disturbed High forest",17.4871310016,-89.0684,"Dry"
"506D","Bushnell","No","Yes","No","No","Along narrow logging trail","Mature forest",17.6916646365,-88.9654651973,"Rainy"
"508D","Scoutguard","No","Yes","Yes","No","Along wide logging road","Disturbed High forest",17.4925802343,-89.0698403712,"Rainy"
"509D","Bushnell","No","Yes","Yes","No","Along narrow logging trail","Disturbed High forest",17.4873772268,-89.0651143118,"Rainy"
"507D","Bushnell","No","Yes","Yes","No","Along wide logging road","Disturbed High forest",17.4940692515,-89.035597959,"Rainy"
"509E","Bushnell","No","Yes","Yes","No","Along wide logging road","Disturbed High forest",17.4871832284,-89.0605002561,"Rainy"
"501E","Bushnell","No","Yes","No","No","Along wide logging road","Mature forest",17.6918376362,-88.9670632168,"Rainy"
"510FG","Moultrycam","No","Yes","Yes","No","Along narrow logging trail","Disturbed High forest",17.4862792274,-89.0590032376,"Rainy"
"503F","Bushnell","No","Yes","No","No","At Pond","Mature forest",17.6952806421,-88.9675732245,"Rainy"
"511FG","Moultrycam","No","Yes","Yes","No","Along narrow logging trail","Disturbed High forest",17.4877642331,-89.0519331531,"Rainy"
"502F","Moultrycam","No","Yes","No","No","Along narrow logging trail","Mature forest",17.6920566289,-88.9864564522,"Rainy"
"509G","Bushnell","No","Yes","Yes","No","Along wide logging road","Disturbed High forest",17.4888932404,-89.0394550032,"Dry"
"512G","Scoutguard","No","Yes","Yes","No","Along wide logging road","Disturbed High forest",17.4983612527,-89.051441152,"Dry"
"512H","Moultrycam","No","Yes","Yes","No","Along wide logging road","Disturbed High forest",17.4897472415,-89.0404620157,"Dry"
"508H","Scoutguard","No","Yes","Yes","No","Along wide logging road","Disturbed High forest",17.4464661839,-88.9867423494,"Dry"
"509F","Bushnell","No","Yes","Yes","No","Along narrow logging trail","Disturbed High forest",17.4894852408,-89.0409770218,"Rainy"
"511D","Moultrycam","No","Yes","Yes","No","Along wide logging road","Disturbed High forest",17.4932942473,-89.042178038,"Rainy"
"505E","Moultrycam","No","Yes","No","No","Along narrow logging trail","Mature forest",17.6909906316,-88.9749813125,"Rainy"
"505C","Moultrycam","No","Yes","No","No","Along wide logging road","Mature forest",17.6864430016,-88.986117,"Dry"
"508E","Scoutguard","No","Yes","Yes","No","Along wide logging road","Disturbed High forest",17.4889132405,-89.0393920024,"Rainy"
"510C","Moultrycam","No","Yes","Yes","No","Along narrow logging trail","Disturbed High forest",17.4969050016,-89.049508,"Dry"
"502C","Moultrycam","No","Yes","No","No","Along narrow seismic line","Mature forest",17.6741970016,-88.953728,"Dry"
"503C","Scoutguard","Yes","No","No","No","Edge of stream","Mature Forest",17.6353890016,-88.9689079999,"Dry"
"506C","Bushnell","Yes","No","No","No","Edge of stream","Mature Forest",17.6353550015,-88.966967,"Dry"
"511C","Moultrycam","No","Yes","Yes","No","Along narrow logging trail","Disturbed High forest",17.4939950016,-89.05235,"Dry"
"506F","Bushnell","No","Yes","No","No","Along wide logging road","Mature forest",17.6880056382,-88.9444269405,"Rainy"
"601H","Bushnell","No","No","No","No","Along narrow logging trail","Mature Forest",17.6839015139,-88.9644796887,"Dry"
"601I","Bushnell","No","No","No","No","Along large logging road","Mature Forest",17.68008845,-88.9634486865,"Dry"
"601J","Bushnell","No","No","No","No","Along large logging road","Mature Forest",17.680309,-88.956324,"Rainy"
"602H","Moultrycam","No","No","No","No","Along narrow logging trail","Mature Forest",17.6875398975,-88.9872150069,"Dry"
"602I","Moultrycam","No","No","No","No","Along large logging road","Mature Forest",17.6898769452,-88.9749219213,"Dry"
"602J","Moultrycam","No","No","No","No","Along large logging road","Mature Forest",17.686634,-88.976771,"Rainy"
"602K","Moultrycam","No","No","Yes","No","Along large logging road","Mature Forest",17.688397,-88.97487,"Rainy"
"603H","Bushnell","No","No","No","No","At pond","Mature Forest",17.6936184237,-88.9676203522,"Dry"
"603J","Bushnell","No","No","No","No","Along large logging road","Mature Forest",17.701081,-88.962354,"Rainy"
"603K","Bushnell","No","No","Yes","No","Along large logging road","Mature Forest",17.689047,-88.96672,"Rainy"
"604H","Scoutguard","No","No","No","No","Along narrow logging trail","Mature Forest",17.6856023214,-88.9768733001,"Dry"
"604I","Scoutguard","No","No","No","No","Along large logging road","Mature Forest",17.6859221497,-88.9753189299,"Dry"
"605H","Moultrycam","No","No","No","No","Along narrow logging trail","Mature Forest",17.6822917554,-88.9745656946,"Dry"
"605I","Moultrycam","No","No","No","No","Along narrow logging trail","Mature Forest",17.6783235424,-88.9739959036,"Dry"
"605J","Moultrycam","No","No","No","No","Along large logging road","Mature Forest",17.681108,-88.974543,"Rainy"
"605K","Moultrycam","No","No","Yes","No","Along large logging road","Mature Forest",17.68022,-88.970689,"Rainy"
"606J","Bushnell","No","No","No","No","At pond","Mature Forest",17.693543,-88.967697,"Rainy"
"606K","Bushnell","No","No","Yes","No","Along large logging road","Mature Forest",17.682851,-88.965836,"Rainy"
"607A","Bushnell","No","No","Yes","No","Along large logging road","Disturbed High Forest",17.4924992471,-89.0390950005,"Dry"
"607C","Bushnell","No","No","Yes","No","Along large logging road","Disturbed High Forest",17.48712,-89.038928,"Rainy"
"608A","Scoutguard","No","No","Yes","No","Along narrow logging trail","Disturbed High Forest",17.4880195506,-89.0460418718,"Dry"
"608B","Scoutguard","No","No","Yes","No","Along large logging road","Disturbed High Forest",17.4848472044,-89.059253446,"Rainy"
"608C","Bushnell","No","No","Yes","No","Along large logging road","Disturbed High Forest",17.4853,-89.064429,"Rainy"
"609A","Bushnell","No","No","Yes","No","Along large logging road","Disturbed High Forest",17.4960292545,-89.0368069745,"Dry"
"609B","Bushnell","No","No","Yes","No","Along large logging road","Disturbed High Forest",17.4963691396,-89.0374375382,"Rainy"
"609C","Bushnell","No","No","Yes","No","Along large logging road","Disturbed High Forest",17.492713,-89.03598,"Rainy"
"610A","Moultrycam","No","No","Yes","No","Along large logging road","Disturbed High Forest",17.4972022527,-89.04634609,"Dry"
"610B","Moultrycam","No","No","Yes","No","Along narrow logging trail","Disturbed High Forest",17.4938621578,-89.052071474,"Rainy"
"610C","Bushnell","No","No","Yes","No","Along large logging road","Disturbed High Forest",17.495315,-89.046376,"Rainy"
"611A","Moultrycam","No","No","Yes","No","Along large logging road","Disturbed High Forest",17.496544249,-89.0522831613,"Dry"
"611B","Moultrycam","No","No","Yes","No","Along large logging road","Disturbed High Forest",17.4944161558,-89.0538294659,"Rainy"
"611C","Moultrycam","No","No","Yes","No","Along large logging road","Disturbed High Forest",17.496496,-89.05149,"Rainy"
"612A","Moultrycam","No","No","Yes","No","Along large logging road","Disturbed High Forest",17.4897472415,-89.0404620157,"Dry"
"612C","Moultrycam","No","No","Yes","No","Along large logging road","Disturbed High Forest",17.486414,-89.049586,"Rainy"
"614H","Bushnell","No","No","No","No","At pond","Mature Forest",17.6952005266,-88.967515054,"Dry"
"614I","Bushnell","No","No","Yes","No","Along large logging road","Mature Forest",17.7024382938,-88.9559365294,"Dry"
"614J","Bushnell","No","No","No","No","Along narrow logging trail","Mature Forest",17.685301,-88.967368,"Rainy"
"604J","Bushnell","No","No","No","No","Along large logging road","Mature Forest",17.685856,-88.986114,"Rainy"
"701A","","No","Yes","No","No","Along Large Logging Road","Mature Forest",17.665457,-88.966065,"Dry"
"701B","","","","","","","",17.665457,-88.966065,"Dry"
"701D","","","","","","","",17.67841497,-88.95777203,"Dry"
"701E","","","","","","","",17.678859,-88.954339,"Dry"
"701F","","","","","","","",17.67878,-88.954291,"Dry"
"701G","","","","","","","",17.678773,-88.9543,"Dry"
"702A","","No","Yes","No","No","Next main road","Mature Forest",17.67625,-88.961293,"Dry"
"702B","","","","","","","",17.67625,-88.961293,"Dry"
"702D","","","","","","","",17.6762615,-88.9612672,"Dry"
"702E","","","","","","","",17.671006,-88.960976,"Dry"
"702F","","","","","","","",17.671009,-88.960939,"Dry"
"702G","","","","","","","",17.670969,-88.960862,"Dry"
"703A","","No","Yes","No","No","In secondary bush along drillplatform","Mature Forest",17.685606,-88.943455,"Dry"
"703B","","No","Yes","No","No","Next main road","Mature Forest",17.697052,-88.937708,"Dry"
"703E","","","","","","","",17.68636,-88.944435,"Dry"
"703F","","","","","","","",17.687813,-88.985328,"Dry"
"703G","","","","","","","",17.687721,-88.985195,"Dry"
"704F","","","","","","","",17.679107,-88.951758,"Dry"
"704G","","","","","","","",17.687031,-88.990088,"Dry"
"706A","","No","Yes","No","No","Near dry stream","Mature Forest",17.674513,-88.961456,"Dry"
"706B","","","","","","","",17.674513,-88.961456,"Dry"
"706D","","","","","","","",17.67458713,-88.96148144,"Dry"
"706E","","","","","","","",17.67456,-88.961419,"Dry"
"707A","Bushnell","No","Yes","No","No","Near pond","Mature Forest",17.693507,-88.967704,"Dry"
"707D","","","","","","","",17.66861527,-88.9586725,"Dry"
"707E","","","","","","","",17.670596,-88.958141,"Dry"
"707F","","","","","","","",17.670518,-88.958148,"Dry"
"707G","","","","","","","",17.670534,-88.958203,"Dry"
"708A","","No","Yes","Yes","No","Next main road","Hurricane damaged forest",17.449853,-88.957415,"Dry"
"708B","","","","","","","",17.449853,-88.957415,"Dry"
"708D","","","","","","","",17.50900867,-88.93192635,"Dry"
"709A","","No","Yes","Yes","No","Next main road","Hurricane damaged forest",17.471496,-88.950226,"Dry"
"709B","","","","","","","",17.471496,-88.950226,"Dry"
"709E","","","","","","","",17.547492,-88.975519,"Dry"
"709F","","","","","","","",17.547483,-88.97553,"Dry"
"709G","","","","","","","",17.547483,-88.97553,"Dry"
"710B","","","","","","","",17.483782,-88.94618,"Dry"
"710E","","","","","","","",17.489127,-89.038313,"Dry"
"710G","","","","","","","",17.499964,-89.014871,"Dry"
"711A","","No","Yes","Yes","No","Near pond","Hurricane damaged forest",17.566096,-88.999345,"Dry"
"711D","","","","","","","",17.56614667,-88.9993461,"Dry"
"711E","","","","","","","",17.565477,-88.999653,"Dry"
"711F","","","","","","","",17.565404,-88.999648,"Dry"
"712A","","No","Yes","Yes","No","Next main road","Hurricane damaged forest",17.51301,-88.944714,"Dry"
"712B","","","","","","","",17.51301,-88.944714,"Dry"
"712D","","","","","","","",17.54449496,-88.930975,"Dry"
"712E","","","","","","","",17.49375,-89.031492,"Dry"
"712F","","","","","","","",17.493788,-89.031494,"Dry"
"712G","","","","","","","",17.493727,-89.031549,"Dry"
"713A","","No","Yes","Yes","No","Near pond (telebasis pond)","Hurricane damaged forest",17.560817,-89.002509,"Dry"
"713B","","","","","","","",17.560817,-89.002509,"Dry"
"713D","","","","","","","",17.56112742,-89.00236987,"Dry"
"713E","","","","","","","",17.561047,-89.002346,"Dry"
"713F","","","","","","","",17.561181,-89.002371,"Dry"
"713G","","","","","","","",17.561181,-89.002371,"Dry"
"714A","","No","Yes","Yes","No","Small logging road","Hurricane damaged forest",17.519204,-88.956141,"Dry"
"714B","","","","","","","",17.519204,-88.956141,"Dry"
"714D","","","","","","","",17.55114399,-88.94350243,"Dry"
"714F","","","","","","","",17.55104,-88.966678,"Dry"
"714G","","","","","","","",17.551045,-88.966671,"Dry"
"813A","Bushnell",NA,"No",NA,NA,NA,NA,17.565386,-88.999822,"Dry"
"803A","Bushnell",NA,"No",NA,NA,NA,NA,17.687765,-88.985202,"Dry"
"804A","Moultrie",NA,"No",NA,NA,NA,NA,17.687019,-88.990134,"Dry"
"814A","Bushnell",NA,"No",NA,NA,NA,NA,17.546265,-88.983645,"Dry"
"807A","Bushnell",NA,"No",NA,NA,NA,NA,17.670536,-88.958142,"Dry"
"807B","Bushnell",NA,"No",NA,NA,NA,NA,17.682487,-88.965874,"Dry"
"803B","Bushnell",NA,"No",NA,NA,NA,NA,17.687725,-88.985237,"Dry"
"810B","Bushnell",NA,"No",NA,NA,NA,NA,17.499957,-89.014831,"Dry"
"805B","Bushnell",NA,"No",NA,NA,NA,NA,17.687115,-88.976046,"Dry"
"812B","Bushnell",NA,"No",NA,NA,NA,NA,17.494604,-89.010397,"Dry"
"804C","Bushnell",NA,"No",NA,NA,NA,NA,17.687768,-88.99012,"Dry"
"810C","Bushnell",NA,"No",NA,NA,NA,NA,17.499906,-89.01484,"Dry"
"803D","Bushnell",NA,"No",NA,NA,NA,NA,17.682048,-88.944776,"Dry"
"810D","Bushnell",NA,"No",NA,NA,NA,NA,17.499305,-89.021451,"Dry"
"807D","Bushnell",NA,"No",NA,NA,NA,NA,17.68354,-88.986696,"Dry"
"812E","Bushnell",NA,"No",NA,NA,NA,NA,17.499978,-88.998508,"Dry"
"801E","Moultrie",NA,"No",NA,NA,NA,NA,17.678785,-88.95429,"Dry"
"810F","Bushnell",NA,"No",NA,NA,NA,NA,17.499208,-89.021319,"Dry"
"809G","Bushnell",NA,"No",NA,NA,NA,NA,17.555272,-89.016028,"Dry"
"814G","Bushnell",NA,"No",NA,NA,NA,NA,17.566142,-88.999307,"Dry"
"812A","Bushnell",NA,"No",NA,NA,NA,NA,17.494554,-89.010372,"Dry"
"812C","Bushnell",NA,"No",NA,NA,NA,NA,17.494583,-89.010421,"Dry"
"810G","Bushnell",NA,"No",NA,NA,NA,NA,17.499279,-89.021359,"Dry"
"812D","Bushnell",NA,"No",NA,NA,NA,NA,17.496209,-89.014682,"Dry"
"813B","Bushnell",NA,"No",NA,NA,NA,NA,17.568654,-88.988685,"Dry"
"811G","Bushnell",NA,"No",NA,NA,NA,NA,17.567047,-88.998196,"Dry"
"810E","Bushnell",NA,"No",NA,NA,NA,NA,17.499297,-89.021393,"Dry"
"813G","Bushnell",NA,"No",NA,NA,NA,NA,17.560818,-89.002484,"Dry"
"802A","Moultrie",NA,"No",NA,NA,NA,NA,17.670961,-88.960981,"Dry"
"807E","Bushnell",NA,"No",NA,NA,NA,NA,17.683543,-88.98667,"Dry"
"809F","Bushnell",NA,"No",NA,NA,NA,NA,17.547912,-88.977442,"Dry"
"801A","Moultrie",NA,"Yes",NA,NA,NA,NA,17.678783,-88.954315,"Dry"
"805C","Bushnell",NA,"Yes",NA,NA,NA,NA,17.686371,-88.944355,"Dry"
"803C","Bushnell",NA,"Yes",NA,NA,NA,NA,17.682152,-88.944742,"Dry"
"802C","Bushnell",NA,"Yes",NA,NA,NA,NA,17.691871,-88.992728,"Dry"
"805D","Bushnell",NA,"Yes",NA,NA,NA,NA,17.675982,-89.013871,"Dry"
"804D","Bushnell",NA,"Yes",NA,NA,NA,NA,17.669095,-89.017401,"Dry"
"803E","Bushnell",NA,"Yes",NA,NA,NA,NA,17.686572,-88.942421,"Dry"
"805E","Bushnell",NA,"Yes",NA,NA,NA,NA,17.675948,-89.013843,"Dry"
"804E","Bushnell",NA,"Yes",NA,NA,NA,NA,17.669108,-89.01742,"Dry"
"802E","Bushnell",NA,"Yes",NA,NA,NA,NA,17.691818,-88.992782,"Dry"
"804F","Bushnell",NA,"Yes",NA,NA,NA,NA,17.669123,-89.017409,"Dry"
"807F","Bushnell",NA,"Yes",NA,NA,NA,NA,17.694499,-88.996769,"Dry"
"803F","Bushnell",NA,"Yes",NA,NA,NA,NA,17.696446,-89.004832,"Dry"
"801F","Moultrie",NA,"Yes",NA,NA,NA,NA,17.658549,-89.017011,"Dry"
"802F","Bushnell",NA,"Yes",NA,NA,NA,NA,17.691763,-88.992769,"Dry"
"804G","Bushnell",NA,"Yes",NA,NA,NA,NA,17.669075,-89.017458,"Dry"
"805G","Bushnell",NA,"Yes",NA,NA,NA,NA,17.676004,-89.013783,"Dry"
"809D","Bushnell",NA,"Yes",NA,NA,NA,NA,17.547926,-88.977492,"Dry"
"811B","Bushnell",NA,"Yes",NA,NA,NA,NA,17.552778,-88.957274,"Dry"
"813C","Bushnell",NA,"Yes",NA,NA,NA,NA,17.549915,-88.941407,"Dry"
"813D","Bushnell",NA,"Yes",NA,NA,NA,NA,17.549408,-88.97317,"Dry"
"813E","Bushnell",NA,"Yes",NA,NA,NA,NA,17.549306,-88.97315,"Dry"
"814E","Bushnell",NA,"Yes",NA,NA,NA,NA,17.550328,-88.966268,"Dry"
"807G","Bushnell",NA,"Yes",NA,NA,NA,NA,17.694486,-88.996735,"Dry"
"803G","Bushnell",NA,"Yes",NA,NA,NA,NA,17.696399,-89.004853,"Dry"
"811A","Bushnell",NA,"Yes",NA,NA,NA,NA,17.552777,-88.957309,"Dry"
"809B","Bushnell",NA,"Yes",NA,NA,NA,NA,17.547555,-88.975493,"Dry"
"807C","Bushnell",NA,"Yes",NA,NA,NA,NA,17.688001,-88.944475,"Dry"
"809C","Bushnell",NA,"Yes",NA,NA,NA,NA,17.546382,-88.973952,"Dry"
"809E","Bushnell",NA,"Yes",NA,NA,NA,NA,17.547912,-88.977442,"Dry"
"809A","Bushnell",NA,"Yes",NA,NA,NA,NA,17.547441,-88.975552,"Dry"
"814B","Bushnell",NA,"Yes",NA,NA,NA,NA,17.547209,-88.978978,"Dry"
"814C","Bushnell",NA,"Yes",NA,NA,NA,NA,17.543189,-88.92663,"Dry"
"814D","Bushnell",NA,"Yes",NA,NA,NA,NA,17.550358,-88.966236,"Dry"
"802G","Bushnell",NA,"Yes",NA,NA,NA,NA,17.691721,-88.992762,"Dry"
"801C","Moultrie",NA,"Yes",NA,NA,NA,NA,17.678865,-88.954282,"Dry"
"811D","Bushnell",NA,"Yes",NA,NA,NA,NA,17.54884,-88.970793,"Dry"
"901B","Bushnell",NA,"No Logging",NA,NA,NA,NA,17.636365,-89.037943,"Dry"
"901C","Bushnell",NA,"Logging",NA,NA,NA,NA,17.629719,-89.017992,"Dry"
"901D","Bushnell",NA,"Logging",NA,NA,NA,NA,17.529547,-89.03012,"Rainy"
"901E","Bushnell",NA,"Logging",NA,NA,NA,NA,17.532347,-89.028777,"Rainy"
"901F","Bushnell",NA,"Logging",NA,NA,NA,NA,17.532501,-89.028527,"Rainy"
"901G","Bushnell",NA,"Logging",NA,NA,NA,NA,17.529758,-89.030074,"Rainy"
"902C","Bushnell",NA,"Logging",NA,NA,NA,NA,17.6483,-89.012274,"Dry"
"902D","Bushnell",NA,"Logging",NA,NA,NA,NA,17.518843,-89.018209,"Rainy"
"902E","Bushnell",NA,"Logging",NA,NA,NA,NA,17.519633,-89.029463,"Rainy"
"902F","Bushnell",NA,"Logging",NA,NA,NA,NA,17.534641,-89.022751,"Rainy"
"903C","Bushnell",NA,"Logging",NA,NA,NA,NA,17.650774,-89.01799,"Dry"
"903D","Bushnell",NA,"Logging",NA,NA,NA,NA,17.650773,-89.017954,"Rainy"
"903E","Bushnell",NA,"Logging",NA,NA,NA,NA,17.650611,-89.015988,"Rainy"
"903F","Bushnell",NA,"Logging",NA,NA,NA,NA,17.648808,-88.972013,"Rainy"
"903G","Bushnell",NA,"Logging",NA,NA,NA,NA,17.651054,-89.016418,"Rainy"
"904A","Bushnell",NA,"No Logging",NA,NA,NA,NA,17.638936,-89.031701,"Dry"
"904B","Bushnell",NA,"No Logging",NA,NA,NA,NA,17.638936,-89.031701,"Dry"
"904C","Bushnell",NA,"Logging",NA,NA,NA,NA,17.631498,-89.022143,"Dry"
"904D","Bushnell",NA,"Logging",NA,NA,NA,NA,17.631468,-89.022219,"Rainy"
"904E","Bushnell",NA,"Logging",NA,NA,NA,NA,17.630369,-89.015416,"Rainy"
"904F","Bushnell",NA,"Logging",NA,NA,NA,NA,17.628595,-89.013927,"Rainy"
"904G","Bushnell",NA,"Logging",NA,NA,NA,NA,17.629463,-89.016937,"Rainy"
"905A","Bushnell",NA,"No Logging",NA,NA,NA,NA,17.658643,-89.013755,"Dry"
"905B","Bushnell",NA,"No Logging",NA,NA,NA,NA,17.65869,-89.013687,"Dry"
"905C","Bushnell",NA,"Logging",NA,NA,NA,NA,17.684532,-89.018499,"Dry"
"905D","Bushnell",NA,"Logging",NA,NA,NA,NA,17.684914,-89.020159,"Rainy"
"905F","Bushnell",NA,"Logging",NA,NA,NA,NA,17.687044,-89.02195,"Rainy"
"905E","Bushnell",NA,"Logging",NA,NA,NA,NA,17.687021,-89.021906,"Rainy"
"905G","Bushnell",NA,"Logging",NA,NA,NA,NA,17.688945,-89.02252,"Rainy"
"906A","Bushnell",NA,"No Logging",NA,NA,NA,NA,17.634818,-89.034618,"Dry"
"906C","Bushnell",NA,"Logging",NA,NA,NA,NA,17.655361,-88.96493,"Dry"
"906G","Bushnell",NA,"Logging",NA,NA,NA,NA,17.655458,-88.964963,"Rainy"
"907A","Bushnell",NA,"No Logging",NA,NA,NA,NA,17.658517,-89.017097,"Dry"
"907B","Bushnell",NA,"No Logging",NA,NA,NA,NA,17.658556,-89.01708,"Dry"
"907C","Bushnell",NA,"Logging",NA,NA,NA,NA,17.688166,-89.012993,"Dry"
"907D","Bushnell",NA,"Logging",NA,NA,NA,NA,17.519244,-89.022424,"Rainy"
"907E","Bushnell",NA,"Logging",NA,NA,NA,NA,17.519246,-89.022441,"Rainy"
"907F","Bushnell",NA,"Logging",NA,NA,NA,NA,17.519199,-89.022376,"Rainy"
"907G","Bushnell",NA,"Logging",NA,NA,NA,NA,17.51917,-89.022408,"Rainy"
"908A","Bushnell",NA,"No Logging",NA,NA,NA,NA,17.66854,-89.012849,"Dry"
"908B","Bushnell",NA,"No Logging",NA,NA,NA,NA,17.668531,-89.012833,"Dry"
"908D","Bushnell",NA,"No Logging",NA,NA,NA,NA,17.668535,-89.012784,"Rainy"
"908F","Bushnell",NA,"No Logging",NA,NA,NA,NA,NA,NA,"Rainy"
"909A","Bushnell",NA,"No Logging",NA,NA,NA,NA,17.635844,-89.034819,"Dry"
"909B","Bushnell",NA,"Logging",NA,NA,NA,NA,17.649035,-88.969422,"Dry"
"909C","Bushnell",NA,"Logging",NA,NA,NA,NA,17.648713,-88.971662,"Dry"
"910A","Bushnell",NA,"No Logging",NA,NA,NA,NA,17.667591,-89.014128,"Dry"
"910B","Bushnell",NA,"No Logging",NA,NA,NA,NA,17.6676,-89.01404,"Dry"
"910C","Bushnell",NA,"No Logging",NA,NA,NA,NA,17.667611,-89.014031,"Dry"
"910D","Bushnell",NA,"No Logging",NA,NA,NA,NA,17.667612,-89.01412,"Rainy"
"910E","Bushnell",NA,"No Logging",NA,NA,NA,NA,17.667599,-89.014058,"Rainy"
"910G","Bushnell",NA,"No Logging",NA,NA,NA,NA,17.669139,-89.017929,"Rainy"
"911C","Bushnell",NA,"Logging",NA,NA,NA,NA,17.652073,-88.963302,"Dry"
"911F","Bushnell",NA,"Logging",NA,NA,NA,NA,17.652206,-88.963173,"Rainy"
"913A","Bushnell",NA,"No Logging",NA,NA,NA,NA,17.565484,-88.999635,"Dry"
"913B","Bushnell",NA,"No Logging",NA,NA,NA,NA,17.565444,-88.999551,"Dry"
"02G","Bushnel",NA,"Yes",NA,NA,NA,NA,17.518568,-89.02586,"Rainy"
"02F","Bushnel",NA,"Yes",NA,NA,NA,NA,17.518743,-89.025299,"Rainy"
"02E","Bushnel",NA,"Yes",NA,NA,NA,NA,17.519475,-89.026982,"Rainy"
"02H","Bushnel",NA,"Yes",NA,NA,NA,NA,17.518558,-89.02582,"Rainy"
"01B","Bushnel",NA,"Yes",NA,NA,NA,NA,17.53528,-89.008442,"Dry"
"11D","Bushnel",NA,"Yes",NA,NA,NA,NA,17.643621,-88.971426,"Rainy"
"04C","Bushnel",NA,"Yes",NA,NA,NA,NA,17.637707,-88.993427,"Rainy"
"03E","Bushnel",NA,"Yes",NA,NA,NA,NA,17.527981,-89.032738,"Rainy"
"13D","Bushnel",NA,"Yes",NA,NA,NA,NA,17.642139,-88.980649,"Rainy"
"03G","Bushnel",NA,"Yes",NA,NA,NA,NA,17.531539,-89.029275,"Rainy"
"06C","Bushnel",NA,"Yes",NA,NA,NA,NA,17.504029,-89.013555,"Rainy"
"06G","Bushnel",NA,"Yes",NA,NA,NA,NA,17.500181,-89.016015,"Rainy"
"04B","Bushnel",NA,"Yes",NA,NA,NA,NA,17.621422,-89.001446,"Dry"
"11C","Bushnel",NA,"Yes",NA,NA,NA,NA,17.64361,-88.971406,"Rainy"
"13E","Bushnel",NA,"Yes",NA,NA,NA,NA,17.638912,-88.986049,"Rainy"
"12E","Bushnel",NA,"Yes",NA,NA,NA,NA,17.660116,-89.018925,"Rainy"
"01D","Bushnel",NA,"Yes",NA,NA,NA,NA,17.527673,-89.033933,"Rainy"
"01G","Bushnel",NA,"Yes",NA,NA,NA,NA,17.529,-89.030236,"Rainy"
"02C","Bushnel",NA,"Yes",NA,NA,NA,NA,17.518979,-89.01961,"Rainy"
"02D","Bushnel",NA,"Yes",NA,NA,NA,NA,17.519479,-89.026966,"Rainy"
"03B","Bushnel",NA,"Yes",NA,NA,NA,NA,17.529006,-89.030226,"Dry"
"03D","Bushnel",NA,"Yes",NA,NA,NA,NA,17.52793,-89.032787,"Rainy"
"11E","Bushnel",NA,"Yes",NA,NA,NA,NA,17.648463,-88.970969,"Rainy"
"01F","Bushnel",NA,"Yes",NA,NA,NA,NA,17.532876,-89.027665,"Rainy"
"04D","Bushnel",NA,"Yes",NA,NA,NA,NA,17.612718,-89.002998,"Rainy"
"04E","Bushnel",NA,"Yes",NA,NA,NA,NA,17.612775,-89.002991,"Rainy"
"04G","Bushnel",NA,"Yes",NA,NA,NA,NA,17.614674,-89.009328,"Rainy"
"13B","Bushnel",NA,"Yes",NA,NA,NA,NA,17.639221,-88.98418,"Dry"
"13C","Bushnel",NA,"Yes",NA,NA,NA,NA,17.642153,-88.980698,"Rainy"
"01H","Bushnel",NA,"Yes",NA,NA,NA,NA,17.52885,-89.030233,"Rainy"
"02B","Bushnel",NA,"Yes",NA,NA,NA,NA,17.518768,-89.025183,"Dry"
"01C","Bushnel",NA,"Yes",NA,NA,NA,NA,17.535266,-89.008462,"Rainy"
"03C","Bushnel",NA,"Yes",NA,NA,NA,NA,17.52901,-89.030195,"Rainy"
"13F","Bushnel",NA,"Yes",NA,NA,NA,NA,17.638948,-88.986102,"Rainy"
"03F","Bushnel",NA,"Yes",NA,NA,NA,NA,17.531492,-89.029319,"Rainy"
"11B","Bushnel",NA,"Yes",NA,NA,NA,NA,17.64853,-88.970907,"Dry"
"04F","Bushnel",NA,"Yes",NA,NA,NA,NA,17.614695,-89.009273,"Rainy"
"03H","Bushnel",NA,"Yes",NA,NA,NA,NA,17.528113,-89.033738,"Rainy"
"06E","Bushnel",NA,"Yes",NA,NA,NA,NA,17.499174,-89.020995,"Rainy"
"06H","Bushnel",NA,"Yes",NA,NA,NA,NA,17.499154,-89.021176,"Rainy"
"05D","Bushnel",NA,"No",NA,NA,NA,NA,17.689239,-89.023768,"Rainy"
"11A","Bushnel",NA,"No",NA,NA,NA,NA,17.648577,-88.971001,"Dry"
"13A","Bushnel",NA,"No",NA,NA,NA,NA,17.639221,-88.98418,"Dry"
"04A","Bushnel",NA,"No",NA,NA,NA,NA,17.668885,-89.015273,"Dry"
"12B","Bushnel",NA,"No",NA,NA,NA,NA,17.65165,-89.012387,"Dry"
"12C","Bushnel",NA,"No",NA,NA,NA,NA,17.658479,-89.017063,"Rainy"
"13G","Bushnel",NA,"No",NA,NA,NA,NA,17.63238,-88.994834,"Rainy"
"01A","Bushnel",NA,"No",NA,NA,NA,NA,17.519712,-89.031925,"Dry"
"02A","Bushnel",NA,"No",NA,NA,NA,NA,17.518753,-89.025215,"Dry"
"03A","Bushnel",NA,"No",NA,NA,NA,NA,17.528991,-89.030179,"Dry"
"06A","Bushnel",NA,"No",NA,NA,NA,NA,17.496408,-89.014795,"Dry"
"05A","Bushnel",NA,"No",NA,NA,NA,NA,17.68752,-89.021967,"Dry"
"05B","Bushnel",NA,"No",NA,NA,NA,NA,17.687468,-89.02198,"Dry"
"05C","Bushnel",NA,"No",NA,NA,NA,NA,17.689141,-89.023771,"Rainy"
"12A","Bushnel",NA,"No",NA,NA,NA,NA,17.628947,-89.015415,"Dry"
"05F","Bushnel",NA,"No",NA,NA,NA,NA,17.674066,-89.0183,"Rainy"
"12D","Bushnel",NA,"No",NA,NA,NA,NA,17.658518,-89.017124,"Rainy"
"11F","Bushnel",NA,"No",NA,NA,NA,NA,17.648562,-88.970998,"Rainy"
"12G","Bushnel",NA,"No",NA,NA,NA,NA,17.663823,-89.020105,"Rainy"
"12F","Bushnel",NA,"No",NA,NA,NA,NA,17.660044,-89.019,"Rainy"
